0.vern.i2p,vernkjqjz3qctifc3ovi7s77zzkej6qb6wbgly7yu46tgtffskla
0xff.i2p,apo53zid3xe7rewxjw7whdym2rmyowsj7jeoiwrl5zlmf7oqrxwq
0xpaste.i2p,oyfcxkrmrnaplu24aobv7s36hm3vyxszlbees4hl6kpk6izwa5da
102chan-memorial.i2p,t6uwxydnfd7mo2knxklmnrudxafe4mw5ojiqikj7xfrc4ynltz3q
1lib.i2p,kkd7tiqf5lv3olqfdnkw4znmmmmnjo2xqlxrp5ntthp6juowaiha
333.i2p,ctvfe2fimcsdfxmzmd42brnbf7ceenwrbroyjx3wzah5eudjyyza
3chelectricboogaloo.i2p,y5hr627jx2kzyaxlg3i5ohbmlj37eduamz67qd23kkg3dy4hg5ea
3chv2.i2p,y5hr627jx2kzyaxlg3i5ohbmlj37eduamz67qd23kkg3dy4hg5ea
3x14.i2p,yggdrau5zobvp6kzh5vt34kspq245v7ekk5yo24xjiqte7oerera
4rum.i2p,ys54v3jkze77peoyzhbck5rswaaeu4j3wd4cueli5brcbws3plrq
CrustyIRC.i2p,4ygmttynho5k32vfm64urriqx2vj3s6hkm52jwv2vlwrynu4z6iq
aaoth.i2p,aaoth5tidbhizgerysxlfrqmg5t7jzb76zt6lattwjj3up524qwa
acetone.i2p,tzwfy3dnqtm4wuofmcp3gcb5qjcytri635ei7kw7yrl6n3ul5n2a
adhrb.i2p,zrjxklmdahel67zjzvi6ejum6xbddkgccrhgtufexe2mrjsze5ya
afk.i2p,chrbzqjzaxvtdonbv3mahn3mr5sstzrv3vd7cupfovp4wmkkko4q
agentoocat.i2p,voanmdeayaccgaxumtehvxxiv4sdscsixoxsqmhh7nfwhusrvfaa
agoradesk.i2p,ztqnvu7c35jyoqmfjyymqggjpyky6z3tlgewk2qgbgcmcyl4ecta
al-monitor.i2p,24w2lpn7voaqpkep4rdj4ozjh6j7f34k63kpjaiab3q6f4vpcq3q
algothink.i2p,4lgo7hkkasxnr3gp6o4ehkjv43bpujdmgr73cqpubjmazjepbgeq
allium.i2p,3g2s7yle5lg3g7znn36qnqmmpxcyf5hcbsssao3thsd72a6zue2a
alphabay.i2p,tnaefzkcnhryeusi7hdpqujqiqmnbtah3dmjcg3gvezohunjuxbq
alqst.i2p,pgczxat4iv5eacxvcwkzizqxg777irmo4hvwgmoqsyhq7xwgjaoq
amogus.i2p,udcjqqoo7mc54ephxnhzaxdwtqxsgxjzvh4wr4boope6vyr4mrhq
animal.i2p,5iedafy32swqq4t2wcmjb4fvg3onscng7ct7wb237jkvrclaftla
antarctic.i2p,ecrri4ou57rjbxnsaxahbibcc2iz6uubtt2e3ag67hqxtyy6ysaq
apophis.i2p,aybax36xssplylkueyy3szi3n2spd7mgxcmzbawapg3vxznwlkda
apt.idk.i2p,s7qemnncvmy5zs3khd6qzlcnsvtu6drnkeae4r3yyc7akuzuqiia
aqua.i2p,xqwrqfuoae43grkmzs63sw5upathbjerid3ch4bhskle3bibeqba
arav.i2p,t42fkp6zp5dfqywantq3zp427ig3q2onrmfv246tyaztpg4ckb5a
archaicbinarybbs.i2p,t7o2tw36cffedgfr6kahewpkrntofnliuapji2e4rucl3os55epa
archiv.tutorials.i2p,lldr2miowq6353fxy44pnxfk37d6yn2f6kaivzecbmvvnnf5exyq
archlinux.i2p,5ms4k3cn5dx53b46hqgwogigsjhtinuf4g6fdr6pplkldi5vjcxa
arstechnica.i2p,rrlara3vp6vpkzbxy6xpdl2pbisig2xfcenctgxka4s6qsioyvpa
ase64-image.i2p,keppeaoopqg5dyjwwtidwgqbt2vxgb5nwvd5yrusptt5y25pib3q
azathabar.i2p,v35rwae5zb6fcgd7phzkireghtuen43umi7l5yvahm7ezkqg5uwq
b-ok.i2p,6czgln2hz5wg6lodgrvsog3qfiawgyw6ewch24hi3vaxrj5yymaq
b0nk.i2p,hxkzqqo4smyspzx7qv2wqqnbxod3ytabpat2ea5ilh7byvymdz2a
bandura-yacy.i2p,e4t4yer7o6dbttk4xmpsfd56vhuse5upksgjqejnrvrdz35ia2qq
bandura.i2p,n6eqyu6glmtgt544ys43ggrozhpiw7biyrelrvmkmg7llfcjwm4a
base64-image.i2p,keppeaoopqg5dyjwwtidwgqbt2vxgb5nwvd5yrusptt5y25pib3q
bbs.i2p,7ubwrcixdcemzqwqzh2vaakjsnochj2biuzpo6dc2n4f7wqj4pua
becomesovran.i2p,h4b63jic4ssh6ege67eqbokab4rriiznwbi6dcjsie6ernn2kewa
bellingcat.i2p,nk6hd2mzzoieui22xzcdiz7i2irp7gel3qscwanuqzstkdxqxp3a
bentasker.i2p,gdncgijky3xvocpkq6xqk5uda4vsnvzuk7ke7jrvxnvyjwkq35iq
benthamsgaze.i2p,vemrh76ebiisqqhk3wmngehca4djnznnv5bd2a64qjs7pum6tu7q
bible4u.i2p,xs6lr2g5jiaajtb3nkno2zmy34eipitrggooxb7wtey7uko7bqmq
bibliogram.qwik.i2p,gyet2jwstmlop7j6ufcmc7tbjuu5ic24ornqrgg5uug7yqjz7tiq
bitchan.i2p,waycuw2c27ruakfblkf5tcegwmt3ot445dlfoypil6bzmm4yxg7a
bloat.ryona.i2p,q256toxhs7m3ntmu4sq5l7levm6vr67f3rmqytiqpprgflhn42qa
blog.qwik.i2p,4zmuywwjpnmighhtu2tz33iitsbotfzhqbtbdmrkc5uxujcrj5qa
blog.raccoondad.i2p,ouc5i7xknchig3qdtkoydoeg2oqe354roxkjrrwzuzjcqr4xpvna
blog.solin.i2p,ejzpzupf4mns65aoricgjpb4et4witewfj3h2titx4zco6io3o3q
blog.torproject.i2p,woelslt2oh4dn5wlxfmpjggyyu6l7ntgk3rngrooldn57x4kduma
boerse.i2p,7633w56hd53sesr6b532r5qlbdnvyl5bnvama6ign6xryaxol4rq
bofh.i2p,auvuinzogu6gc4pwsgbjijuszxgcjygciu2wy53pfz7mo5nfpc5a
boxes.i2p,mknwtxzajwa4tpy2lysic7lxjvcvlayyoeeozf57fj2bkcs4xsga
braindead.i2p,braindsku6jnpmnaats2cu2qzax4pga6dwhx436kxanpxgx2pcyq
bridges.torproject.i2p,2tiwhibsjvys63t43xncar6y52dy3dpct6edglenhzlalmyirb2a
bublik.i2p,npx6e6trk37ovoxzk3j3yoh5huenh24avbmsgeroiejkuzb2vo6q
budmo.i2p,vnie2j2ayhivbar5l5ajxfrepjvkbvh2qoxcgt6srdjtiluerjia
bugfuzz.i2p,ubszn4gsf22vga67rvzzlg4qj2bfcq6o52fmxz46xruawqm6z7rq
burntout.i2p,lkep3fd7tjvxrs25crr2c3jy7xm4s7bqiua5r327zgpw37sgyerq
bw.vern.i2p,vern3g7d7ykel6suo6fxiqk5ijzof7rz7k5xqcdjhm66vz65ijva
ca.i2pd.i2p,u5safmawcxj5vlrdtqrsqbsndkr5cfenpicgg5euu4xqm73yicba
cake.i2p,hpdbe6o6qqqqvgygbcznssat46kybsm7rcauofqaoly4ajdi2jeq
calculator.i2p,itj23yb325dma24i4qpnhuwrz26hzpps6izkaf3mowavtvoznnva
cantonese.i2p,3r3d43jejiezwb6daqgtk23ccs4jm3bvkhxwwwnpymvjn2aymriq
carnival.i2p,sbciwhpyg5qf2eprlwpfqcbnhkcu32a6xpvc7v3p7tzee2mta32q
cbs.i2p,u3lp7wazvq6opodzwjg5sc5w5kwxehmxd4wcdpt4s4j2k4dx4apq
chaox.i2p,6bcqgkedaq2krrhvidjlmdsoltmzuwaqtrafycfzbc56h5swumoq
cheapeth.i2p,x6pq4h33wu6txj6vvpgywrgew2y6cwzs5l63w726paqsvogeqdra
chinadigitaltimes.i2p,ds5h5gr25cjcdyct7avo3lwxqva6bcicodiiqnbrod5erfbnpbmq
chmok.i2p,w7eqh6nndwk4yr5vxtbnvizgsg776vamwingijetnnqojrzjxm3q
chpok.i2p,chpoks4kkac3s274t5hhuz7umvy5nvedfxkhojkysckulrnsyccq
cipherlist.i2p,gbm4kiotqjqmklwsp3qibdtn7mhatjsyeebbb5zxwjlp6w22fuga
citrus.i2p,citrusogkieyk3hleilk5scb5a64jdzoogi5wjv35klrvmqsh5ma
clap.i2p,or2pfmel7kn5c6rumfwsdvikci2memis5lvsnz4lpwpxwf5gm3ga
clickme.i2p,656piczpdnbekej3b3ka5ee3oa6phdzja3cd7k5it4mkjfjnvkwq
cloaca.i2p,pnsyl5plmmwuqfvpg36cbvvhe6mpoy2j5zzemfb5sfbpvklyozta
closedgl.i2p,5q5kqrnb2mji5lzfjj2wwdrpp4veg72jw53i3tvxb4qb5umawvha
cn.vern.i2p,vernyaourawd4avjf7ye6g43pqovys5wqdr672kervjpev353klq
co.i2p,3mvo5eifcwplcsoubtvqkzdahwo2sdhfygfdde7lj2glybk4q22q
coldhell.i2p,z2kerfik5dzqd2kj74cuhhtptkrizsblc5nm6ke2gcnj5mnwgwja
community.i2p,64luakopnvffchxnibn3d2p7uqxixtyuallfqfgifkkcmfcrczxa
community.torproject.i2p,wmw22z5c24b35hlepzc2g6k3cpcg44rcg46qdwfo5heiplv7m4ca
contact.i2p,rn5hqxierph4eegft3hiiqkgn2zyyfgj2c6pq75bkahl3pu5shvq
cool-website.i2p,bpbzzhawchb5sr46ghe6ojefuffkdlqmbynbtscordkrmsjcnwda
costeira.i2p,abhty5xlmnyab2kqdxcd56352kcescxoux3p6dbqdrghggyygnxa
cssportal.i2p,lrcgr42clubpbmahmwgigan6v775xe6mew2xfjbl67v5zn6roxxq
culturemagazine.i2p,sm5je6sks6x7zfkspyzjezxvz63gblueetio27s7sx3gtp43fvza
currentaffairs.i2p,qyx6aht7xjjuy7vhyexqzp4tpn2jbmuerkmsvl4wxaa7d72peh7a
cyberchef.i2p,5k22kdukxkobertlyheal5aro32gls6nhgktneq3mtrracubt2bq
dankaminsky.i2p,j7enz3u6gpvb3yt5kmlq3h67d5duyvkcueiv2qygwgg3woxgrd3q
darkdot.i2p,darkrwolfcgyievbsoiyvzjjdyc36go5uhqyau7bt4wwg3s5irha
darkdotfail.i2p,darkrwolfcgyievbsoiyvzjjdyc36go5uhqyau7bt4wwg3s5irha
darkdotnet.i2p,icp74bjhdxrmtlfc7p3dt7vj5gpctp62v2qcrz5pva3ntjilf76q
darknetbible.i2p,lcaocuhvocje2gociyyuiip5sxhbgmkvaicbm6g6axtflf5wc6pa
darknetdaily.i2p,gehxh3zlns3ezyuc35bszc42hdr4g5uzasexzyrqfxwcwkeiulia
darknetdev.i2p,mkbej7mmvsbl5myw5owdpyq7i4hleec6inzmjkyig2qqnvgq5xfa
darknethub.i2p,tnh5bp4si7x47vhwk6njtimbbk77gai3abkfh2gz2dhml46uu3uq
darknettunes.i2p,65ij4la2sylu7oyotkdw47jiorh3upq3cfndpj7hsk3n6z4m6y4q
darkrealm.i2p,gbh4eerxdsph7etxsxznfhvmuiz54trlkenakqep343u4xcoekzq
darktech.i2p,nlkpudgmmgsdiemnbehq5llymdmxp6tn4rzjuse7nhvavr2kgkga
dashninja.i2p,dzjzoefy7fx57h5xkdknikvfv3ckbxu2bx5wryn6taud343g2jma
datagrip.i2p,ajreyxslv6lijap2hykp3uvnnsca6fyvax76u2w6n3vexngkif4a
dawn.i2p,grtd4tik24lefhxdb5zuvk3vhhiy7wboiac5dzlz5xq67p7rcibq
dcherukhin.i2p,qa4boq364ndjdgow4kadycr5vvch7hofzblcqangh3nobzvyew7a
ddosecrets.i2p,vyhw7t7fbj7nghx3oe4y5komczeb5egnhuvlslpkqupaymnhtlka
deadendshrine.i2p,2a55el42cobuxtls7iv6eoimejocybdekwnnaefcn4u2f5eydela
deavmi.i2p,fh5r3hlkkwh7udtjeqmekmq4qd62jnjqmnqob5hm3ndiuo6lauza
diasporg.i2p,edvccoobtjukjgw2os5eetywanbb2mpag5aknkrpia5qx2koksua
dickinass.i2p,5x55ucmwxf2fvrcboapylnrcwdvunlokq5c7mnofno3bkrlqltza
digitaljournal.i2p,xuhnkigz2fwuk2l5knkcqyikh7vdukbpeqk6ewzkbwf7kw3zejra
digitalsr.i2p,ldavoapfhoqpxvihdsdjjo3phlt5ujkgkzigzbesab3g42rwvbpq
digitaltrends.i2p,qrmhrndeq7bhvyx3uieiu7t2wvkxenpmakjflxzfbywopdgacdfa
discuss.i2p,wrnowoalzz5mquzaygmcrm4feuqco5gsxyn42fizbqjaprtdx5gq
dist.torproject.i2p,pbhgoronppg7tq3dssnwmhzkbrscbvtmy3d5pmar5hyhnqwjj46q
diva.i2p,auoqibfnyujhcht4v3nzahpqztwlyomesfywltuls5bqqi3nd3ka
dlms.i2p,krsbxsaw3lnb6ctdpydygm2gqobjcpm4pf367ddo5hylbscnynmq
dnl.i2p,4pjdhyaot4kktjathgjmom4ykfccezyezasbtvgdtmar2b76cpqa
dnmno.i2p,3crdv5q4fncgty5q7djorqfimkaj62ncmzwhcenjh26sgc3afzya
dns.acetone.i2p,dnsgzxkak4zlrrs5tfh42ob57iley4xrp7srrltn2j2yl2ynbiaq
dolboblog.i2p,jdl3j74g7fnxezmszijomjwbco6pp6g6gs6ccvarz2l2wb6xncla
donate.torproject.i2p,crxdz4n5viyy46upbd4amlzxcinkea7hwj3mkiudrw3nkpnfv42q
donotafraid.i2p,w6jq5xsixmolxvh5xtxaqolary2nmx5n4orc5bilc2j7ejcytgfa
dread.i2p,dreadtoobigdsrxg4yfspcyjr3k6675vftyco5pyb7wg4pr4dwjq
duckduckgo.i2p,gqt2klvr6r2hpdfxzt4bn2awwehsnc7l5w22fj3enbauxkhnzcoq
ducktor.i2p,hz4cwonwv7umhvorpk3toqamjsitv3i5udtgdho5nxtcj56ylfva
e-internationalrelations.i2p,c37aaduh636bezob4dour6z2x662x6fuqgqkxluzpejrgyj3ak7a
e8.i2p,5spb6cl4ffallahbaj2yadag2zgyuciouhz2rdcnyjcf5phqcu4a
easygpg2.i2p,bwxry5alzx5ihgrd3glah4eotddblzhalvpheppnw4zcajzqoora
ebuild.agentoocat.i2p,lu56romn7lp6ggjtofbwwsaee6kcfonci2ezi5jb5nyo3vdo7vkq
echo.idk.i2p,63sgpiu6f33arldcxkbjsn3jgf6asyx3onjmz6j6gsk7hgbiehkq
eepsitejp.i2p,ee7qkgq7bnde5qzdjc3oq6x3hlfulcuh4ogriq47xyskoh6zchgq
eero.i2p,5d47d5ncqpwoexje7xmf3zkud3e56wmwx52qx3am7uh7pxhtu23q
eientei.i2p,eienteiqt6mhy2gwali25oaqixulyhjmsnhiig6kdenlpj3rbbua
eleven.i2p,n2er74vsv7szwvsbsukd2lwhz5epedws7eqwahsmxy65agvjizzq
ellipticnews.i2p,3u5bu47gmurzjc5xxhoseozr5kfkwmyxf2apqthd4re5f73vorga
elvn.i2p,vwjtedtgyokakyxgfeoavg535bxe7ymdvfbdwsq4iqngljqtqi3a
epochtimes.i2p,quvaavmxbrcledv3rp2etwooegkujawspe4p26r7mfqrkn2huxya
erotic-snake-gallery.i2p,wzgk77ifxl7kpgqxs4p2t6ujjyfpdvgjlqz3q3n4wfkdljfv3dya
esperanto.i2p,2yryi2eb72hnxavjpfot7paiminbzgv5w6fv4sl5wez55ventdeq
evilpeople.i2p,kk2ldcxxckjx5eo642g4c5r45xtgj7b4kms5m4ejpxcs4qecqmfq
exit.stormycloud.i2p,5d4s7pcvfdpftfk7npc7hllyujhufsdprtrf4o53i44rgsa2xbwa
explorer.gostcoin.i2p,ktoacmumifddtqdw6ewns3szxths2hq2fat2o7xnwq4y3auga3za
fabrice.i2p,fabricexhumxqngfziy4xkao5m5ez27jpih4chtmigg46eu7rroa
fail.i2p,darkrwolfcgyievbsoiyvzjjdyc36go5uhqyau7bt4wwg3s5irha
fantasy-worlds.i2p,62a4xcyyhvfrcq2bkckb7ia37fmrssrgx467tlkxp32fjpq577wq
fc.vern.i2p,vernkas3nvhxvfzkyz4rvzul3c6gvrdtuo7lzvvoudcatmjqa5ea
fedi.vern.i2p,verncc3ifybf2wvag5sgjmpsdp4lcv3ppuvpnlihcgffuqytkaxa
fido.r4sas.i2p,i522xmu63hfbaw2k54cthffcoqmeao6urjyq3jg4hddf6wf57p3q
files.arav.i2p,gajftpr47ze6ao7e3q2tb5xmcqneyaczu4edzvwwg2qzmnernpka
fileshare.linuxfarm.i2p,rrx4hxejr4pod3tqrkj5ckzuauwy2aqsfvpiac2tkebp2iuv5qla
fishsticks.i2p,btjbfuh2wav3c7bkjqylgatbkvqaireemvsvxwetkrifuvfa35da
flibusta.i2p,zmw2cyw2vj7f6obx3msmdvdepdhnw2ctc4okza2zjxlukkdfckhq
forbiddenhistory.i2p,nlduiogwtutni5nwf5kbuekrqf3ymqmkor3hughjkckz7tvruhva
foreignpolicy.i2p,sr2ksohadwcduwf7bacu3qvm3hbnytdzerosly7bnxtuxumyg5ba
foxdickfarms.i2p,xrggfnj3jl5ugeqc2lshpcy5u2cxsdzynkjlorxvuj74walze6oa
freefallheavens.i2p,7etudb75nhe6vxslitptjlwrnbybdshvzxnweuiepsxbbkkxy5ka
freehaven.i2p,y4giqqrbcb4xit5gp4y6njypupfklfdr74lfi424seenf7usjvza
freifunkmobi.bandura.i2p,5shuxvx52e3qszylwn4w7qst4siap3latyap3ff7nfnpjgllkcea
frontlinedefenders.i2p,pshxfoeefj67oj4jwjh3cqiztmrgcpsbuttclnc6fiwvv42p6inq
fuwn.i2p,umaux4l3q3j33pfsz3mzxk6o5c7f6lu47wln5vo5nqvv5nyufgra
gedanken.i2p,kw6isjbs66uf7576fbb3aniokxtrpqmbegf4tf3xskg2bmrjci7a
geekcode.i2p,hzmyzxa6jzag67zcqxhicydusdev77byf2qoyxjxhsrtkce4qiqa
gemini.sysrq.i2p,xcr3oeil2zienex6bjtlheprhvjxgaysc7nedr5dtnys6j4e3ska
get-monero.i2p,mituupybd7l7kloh4tblgkapumlvny7ujyiluzodibcrhrcp2fha
ginnegappen.i2p,kbhfkzx5jeqhfgss4xixnf4cb3jpuo432l3hxc32feelcmnr3yja
git-srv.b0nk.i2p,6mopdcovd7urmuxo35wopbgsfpv6ifpu7kq2625lyi5hfv5re6ua
git.agentoocat.i2p,5ihrbnmcoewaax5kxsghnmxh6p6srufhmo5pqkybdwuz4yj7efja
git.apophis.i2p,apep7dtwnuom6b7li6jirhrsygxgcdqb5svqpq6mh2rpindrzp2a
git.arav.i2p,p5nkflgogwv4esy3ainup6mgurpugmdyufizhuufauznreyvprsa
git.b0nk.i2p,7uupnvxwwkxo3au2fdt7ky66pk2eklshggf7r6mox5oofzpmjata
git.community.i2p,giteabolfdejtdzblkooalqei6jr67imiugmhtsh6ocw4hlj5a4q
git.i2p,giteayof3hpwkfnwnryy6l4qhq3cwdzqlr72jokzbkc6ol43mypa
git.i2pd.i2p,7p7piii66oika4bkrkxpkqf3tabx3n5e4lkaz3hreb5nrllefj3q
git.idk.i2p,7qeve4v2chmjdqlwpa3vl7aojf3nodbku7vepnjwrsxljzqipz6a
git.meeee.i2p,bobrckdpc5ma4vnzghtzs6zennmbscezghsgliolxgwkxtrepxxq
git.mynero.i2p,4hsesnr6mjb4qrflgf5gezjaszzoqnnisin7ywzbsv6pgcxysiaq
git.qwik.i2p,i4kemzfhct7rki53w5mqtrnb4ixgp66fefgy6752emogkbldtifa
git.raccoondad.i2p,lvdeb4zna75pmrdf5lsc3b4wswwbfco5vzrs3344qspbxh6bfqgq
git.spyware.i2p,zin764g7gchdgxub4bskkztbkjlgibs27cl6pfvbqvjqx3prjgjq
git.varikvalefor.i2p,6sqxtpnpqqnlqbdxu7dadmorrffnpe3evbz5zye4y5kvljkzkbra
git.vern.i2p,vernj47t2vz4qiobsrcaj6eqhaquqe5qsaejga2glol4b2snhcfa
gitssh.idk.i2p,g6u4vqiuy6bdc3dbu6a7gmi3ip45sqwgtbgrr6uupqaaqfyztrka
gkd.i2p,gkdbbsew5yasf2y3eu55butn77t5defdyxsomlblpxwv4yjwomvq
glue.idk.i2p,ykbx7chmkivx3idmxd3lu2jc5w4wtlps4r3md57wszhk5w7jykyq
godnota.i2p,trbc3keowg54dobtr534kyiqfnuv4kc2wp5knwnnrxvwhnogs7ya
gostcoin.i2p,4gzcllfxktrqzv3uys5k4vgkzbth4gqednwhfpt755yivm3davuq
granta.i2p,hjloamggmqyfadl5iez6372sufuqdyttlzqctx6guqd2vjziqg6q
gusion.i2p,4qyfdhizjixe2psu7wcvqufix5wlijocehpb2futurcmlhlktrta
h0p3.i2p,k5fppzxc3bwoz2mjc7q37jojbrxo6vtprac3dzrk4wapv7irr4iq
h2.vern.i2p,vernbzrr62wtwvddjcpo5stg7mp6mvoi7y2hkdekvextwb66mj5q
hackaday.i2p,va7obisrthvm7xbr444pzog6eptnog37bty3vnlcfctdovibox4q
hackernews.i2p,zbfg6fntvx2ptmp2uzw2pmyfipeh4wophzmtxzlv6qs5bvplv3wq
hagen.i2p,e2t6rqd2ysbvs53t5nnaf7drllkgk6kfriq3lfuz6mip6xfg644q
harbour.i2p,zohxpycufzcslwb2dgdkfo75flahkl2q7n57ciqjooqia75ybada
hardenedbsd.i2p,6ebmdsir52bi3q4wfwug7ylouoq6gdafl3wyy6ccfmpffijhtoca
headroom.i2p,uyquth4yeh3zc4alarynrd7r3ieyz2yz4dw6toc44plybjbxjaia
heaven.i2p,y6ejpmln3j2jvf4omb4ptyo2idognputhrccph74yn6eghkpxyhq
hentai.i2p,iv7i2dculdg57wyvra4bas3vz5uprb2xnufhuxaq7gdqqftx6bfa
heptan.i2p,heptannm522mpmjnwzaf27xrlmxa2un4k4hwefocxtln7k2al6gq
hiddenbooru.i2p,zma5du344hy2ip5xcu6xmt4c7dgibnlv5jm4c2fre5nxv44sln3q
hiddenchan.i2p,6y4tltjdgqwfdcz6tqwc7dxhhuradop2vejatisu64nwjzh5tuwa
hiddenwiki.i2p,2iz3nkopz6fxbzlcjq3ofligi7mwdseuj4ndzqljogyvsggh6dvq
hightimes.i2p,kkhti6od2xo65f25hxjsmexplfqrztgmsaa6b47mxhygynt46szq
hisdarkmaterials.i2p,qcf3vxllflqfsbvxjlypfxsx36g5srknxnhpyz3ph5bcxdjawraq
history.i2p,jaqehjjswxchky4cw4heokw4yqozovmrxyboeh2dxl6nop7xxwfa
hongkongfreepress.i2p,fwqewg2a5wh4lthere2nt55i6ocggdcxd5y2upaoj4pnhomsdpcq
hongkongwatch.i2p,3epkp3nf3fqa3ji25qb3i5azda4vuduaj5yrafa7afreuprgv74q
hotline.i2p,6cczi27iuxkm3aivazaemzltdqgh42ljzurqp43uclbz2lid2uqq
hp-net.bandura.i2p,z2ufexrgrxry37y4vs5hted35ygpleskfcs2enanl53hmlpzlqhq
hq.postman.i2p,7ewjvbcwgah57n64cwbsxqai7eutqofkesuxfsuhfheijivdjqra
hrichina.i2p,elytqejsnioiydw3tj2xvuq4too7a5ffo5l4pboaokcobq6qj5mq
htmlcolors.i2p,674zs7tghldg6kagvparow7xkkwa3gaizmug3hgwurekz6wpqtia
hub.i2p,pbm6jogo2u2rflvzishwgqkxo6lkjsdfesd3r4k6sf4gdewc4lha
humanrightswatch.i2p,5vcuwr55spq6goh5yeggz7cp7saw6xx3akaq42vj5ckh7km2dmna
hungryewok.i2p,to3afquvmrmk4kvozisb562elb2hdka6hwk6oeud32m6h2qtkcqa
hydra.i2p,vrsxrj6oqwi2mkftwf3bgub7czvc6xjmlagyjsv6kwuj6y5sacya
hypestat.i2p,t6r6fsquaze4yo2mfmzyecbq5xe6y723lwdow2n55gd35cjrzrgq
i2p-mirror.bandura.i2p,aq7r54ebou47b533y5seiod7dc3aeycucevl2pqvphnjhjwblr6q
i2p-projekt.i2p,udhdrtrcetjm5sxzskjyr5ztpeszydbh4dpl3pl4utgqqw2v4jna
i2p-radar.i2p,itupusaqvezxykewzagnlngjbjukgwf2pyzyikz5jezudhh42tla
i2pcraft.i2p,pkhcrpvyickdaobvmmx2knjixl5a2ckrpavixvxexhurc3n7uemq
i2pd.i2p,4bpcp4fmvyr46vb4kqjvtxlst6puz4r3dld24umooiy5mesxzspa
i2peek-a-boo.i2p,qgv64klyy4tgk4ranaznet5sjgi7ccsrawtjx3j5tvekvvfl67aa
i2pforum.i2p,tmipbl5d7ctnz3cib4yd2yivlrssrtpmuuzyqdpqkelzmnqllhda
i2pjump.i2p,2mwcgdjvfvd3xwumzqzqntual3l57h3zo7lwdmkjboeraudpkyka
i2pmetrics.i2p,v65p4czypwxrn35zlrfkar2w77vr42acd7gbszegsrqq4u7sip5a
i2pnews.i2p,tc73n4kivdroccekirco7rhgxdg5f3cjvbaapabupeyzrqwv5guq
i2podisy.i2p,3c2jzypzjpxuq2ncr3wn3swn5d4isxlulqgccb6oq5f6zylcrvcq
i2pseed.bandura.i2p,2bpbnalf76ktxzhfekkwcklmo45xzedi5em5bdoyedrhw5bhvtia
i2pseed.solin.thetia.i2p,ljobz6bbaaafxfiteuzz7wl4hwjhr2brkf422ghxz3ob3yyzoyma
i2psurvey.i2p,pemwrlamhiiv74ok4kwoo4eqwzzjshp4q7ir3nlh4jfnt4zjncia
i2ptimes.i2p,563tjwihw2ql5q2kl7d7md7ywedpapoqgkxgazkz4gmlrb2flqbq
i2pwiki.bandura.i2p,isbf7tzeyrutnd5rvmjpqaohe7cz6onqgci2wvbuyfwc62w74r3q
i2search.i2p,cpgupqyhxamjfgdd3qk5ux673qomu3o5kqszvq6fwuigzifkxzta
ibft.i2p,ds36spqcf7dnj46in5vfnbbwcbjpslo6aafkdrkc47a2oq3zvtta
ibtimes.i2p,slom5qrdkr7erucbp35tryb3eyxaraknhpgf6bqqsvr6g4apzaoq
icfteam.i2p,auvuinzogu6gc4pwsgbjijuszxgcjygciu2wy53pfz7mo5nfpc5a
identiguy.i2p,3mzmrus2oron5fxptw7hw2puho3bnqmw2hqy7nw64dsrrjwdilva
idk.i2p,b2o47zwxqjbn7jj37yqkmvbmci7kqubwgxu3umqid7cexmc7xudq
ilita.i2p,isxls447iuumsb35pq5r3di6xrxr2igugvshqwhi5hj5gvhwvqba
imageproxy.i2p,zfpeor5qj6r56hg3rquyo6zhe5cn2alfsx35cwuqe6wasdlw4rxq
infocon.i2p,ic7rentjh6ilzz6p5kveiuyzov534ksfcexmpeniyallzf5in67a
infoserver.i2p,jd3agbakybnhfvkeoxrx7t33iln6suzomv3kxkxf77j7rkonch6q
infox.i2p,qoz4bwrtnicqyxemrxubdc65uojrqn2iem6v55b6xmxzdmfzcvlq
inr.i2p,joajgazyztfssty4w2on5oaqksz6tqoxbduy553y34mf4byv6gpq
insecurities.i2p,4uggkxbumfoufekfu7scfx4vkqfoqslv4fsog7kgwjcat2yqzb2q
intodns.i2p,4u6zxnqq4vxdtcxpogevmomrbny6taropyv4q25anflm47esiy6q
intpolicydigest.i2p,bwt7kfln3xqukmksl3v7mvodx32efk3nn46sfuh5ggnmn5npaivq
intr.i2p,6jaqgde66kdsqct4ptzdj2vd32kblnk5scgwoprtmcreqbhobuhq
inv.vern.i2p,verni6dr4qxjgjumnvesxerh5rvhv6oy5ddeibaqy5d7tgbiiyfa
invidious.qwik.i2p,pa7eextqat4wg35onzs4cnlhqa3gvzen243bcbrng67zyla4fqya
iranfreedom.i2p,tn4qkhzcyu4vpviqbx4ilpqykpvui3sudhca55a3x67pvxtl46za
irc.acetone.i2p,qyzbrdw26ejjdjzsrcmq5h3ggdzk6cq5xynrgee5t5q73gq545yq
irc.coldhell.i2p,d4b3dcqt32yq55b6ct6f4rsib5svzgwkfz4klfczuz7e4p2v6rkq
irc.crustyirc.i2p,4ygmttynho5k32vfm64urriqx2vj3s6hkm52jwv2vlwrynu4z6iq
irc.echelon.i2p,ez2czsvej5p3z5bquue5q3thujcodfze7ptybctqhnqc7hms5uzq
irc.ilita.i2p,5xeoyfvtddmo5k3kxzv7b3d5risil6333ntqrr3yvx3yubz5tk3a
irc.kitsune.i2p,cpesprosbsuycn4ui3neidqdtqz5ufekthob7cobl3p7bcuaoh3q
irc.nerds.i2p,nlqhsdd5a7hanjea33mwizg5ixh3xcv5dczufpf3qcfpo6tx4esa
irc.postman.i2p,hhcy7zznltay2tzwdvtd37g2inptemz3hk5zmxyi57d3sxgxbseq
irc.r4sas.i2p,hodhusp73gltozgrnianlbploon3rrvhrzfn5mf2g46o7aaau5la
ircs.nerds.i2p,w4d6hj3q7eyfrkb3kcy7rox2fdjzywypvmyrudtf2q4gdzs2qlhq
isitup.i2p,xk6ypey2az23vtdkitjxvanlshztmjs2ekd6sp77m4obszf6ocfq
isotoxin.i2p,wue3ycaccf4texikza3fh6p5yrmtgnooisuypnepo5mo67lmpcqq
itphx.i2p,zwu2erk3wtyxlcbmd73kmxcirjghdkk4lpupy3xcavpm3qbob4da
ivorytower.i2p,fpwrfvidfexsz7dspofkwtkmmizm7lyralfz5kvykffk7gubvxsq
j6.i2p,heh6666m6vl4oj4kyirz3ghg2pnlycpiluvdms7pdxns6gbpolza
jalibrary.i2p,epsdonclth2wwjwumidpzahe34c7yjpsrqvkfpaev3l5k67qpfkq
japantoday.i2p,nekm2n7m3s7gdwr2grq2jycxuu5vjb4vu7yanh7a2tili2hszooa
javadoc.skank.i2p,us3amyq3emvm6rcxmrar3o3uoiifnafijgseho4dxdsjgonfyaxq
javascript.i2p,idxpwvskkaq3pssrnqpxmiilgeqwf7d2hf5xpusossqz6r2nudva
jbo.varikvalefor.i2p,3flbkdhahkgq47s7vytubh3v4vk3lyqgwwh6dd2k5szqlrivdmta
jf.vern.i2p,vernaaamyu2hcxaoscotjmivcqhqdn77bbftpbilmrbcxqt6f32a
jikx.i2p,aazr55itvyns4lwppvx5njyx5tjdwemw4w6jbmpegdunznod2ieq
jimkiebs.i2p,epqxjestvatyv2ala7iqbm45elnecqecz2zmpoklzvekwjapu45q
jmarya.i2p,aqm2tr3egddee7uolpyx2blsqqrka5xhqobx4n6ttouximyln5aa
justin.i2p,vztajryw6s45wqegvfo4ksigky7zo3tgf23rutyo644zubjeafya
k1773r.i2p,zam7u6vslhemddz347uusuzjdk5wma4h5hcmcqlng4ybbpdbjhnq
karamba.i2p,g2lizyuyzms7m6gv24pzege5zapbinxfd2dzbaha6k246pl2xu3q
kelvinchan.i2p,6s72dyf6jwlvk2u455lksvcs5r7deafc3iniwo5kp4ssm777noma
keys.dlms.i2p,znl2swe5pez65qxrr2s2s4lmdfky6mnppvh3p5j6suuiovymhjtq
kibykarni.i2p,xowcvzbeq72slpbrwmjl3zy6xkrkb2ncctpkkskeqts63vedtg7a
kislitsa.i2p,khceo3smaxtng2tnuicmcbhdnkk2j6myi4nkigcux76qh3aabdhq
kiwix.meeee.i2p,z6qksun3thawjucynvosku5s7meaep2rfjwrjz6zqotglzcituwa
kkk.i2p,kukluxklanib666d73z5fyeyb6vnystmvvreaodhjf73rhl4wxva
knijka.i2p,knjkodsakcxihwk5w5new76hibywia5zqcgoqgjttzsausnd22oa
kohlchan.i2p,kohlchanvn6vtsujobyw4pt5naaszmxqutd5hsdatmxfe2qaqhya
korol4ik.i2p,mr3z5lggdppc3yw2r2egstpg33ga2wfocmozac6kjmhhfk3asm2q
krebsonsecurity.i2p,xqglpgrpbdqeirurobtqel3xqt3p277iiadpz256bzxmtlbyq6ea
kuba.i2p,cnunjyexfdavvvul6qiqnzsoraaihb2v4mvriwt75r6cmecolkha
kurator.i2p,sp3umnyofy5ytixbqcue4jrpxixccgnrxtiuvhg6juep5s5lrs6q
kusoneko.i2p,7orwmkhapanwcbmlk7djhcpmnp36mf5khlbc6372kiatnuxsrupa
kybermir.i2p,z2yzijh3dysl5hsopax6nzaobi7eobmhwuapgy45awr6cwd54xwq
kycklingar.i2p,gctswdhp4447yibxfbqg3uq2bvx63qjeqnaoaux75zw73leakyva
kyivindependent.i2p,v7sg3ypfajotvqh43tfpyqfbnturfqlsxj6wlbxsze2bjg35hpxq
lbry.vern.i2p,vernb4mvgeej5kawfg3tm337sbihdf4i6oy7w4trirgsnaq67zva
lbt.i2p,5uhjsgyca6ggdvwjjwf67bcmalpbxitopupjpygtahxvkwlh5mzq
ld.vern.i2p,vernz3ubrntql4wrgyrssd6u3qzi36zrhz2agbo6vibzbs5olk2q
ledechaine.i2p,7s4vtwkvxvmigj3r4zrc7s5ajdeqtris4qnj3n35cuuvuzkpgqsq
legalcases.i2p,tms2ibdkp67ddj5ez6l4zwvw33jdpz5tmavv3kpjdcpavfh7np4q
leglasen.i2p,q6tqm2klaavlsfqjci2naul2nj57fbxvkwujmqdv53plhdxxi6mq
legwork.i2p,cuss2sgthm5wfipnnztrjdvtaczb22hnmr2ohnaqqqz3jf6ubf3a
letsdecentralize.i2p,mqtlargpv4247iylywxw6ibi6qpz6my5duqm33c4lcdhjg5yfh7q
libreddit.qwik.i2p,woo5ugmoomzbtaq6z46q4wgei5mqmc6jkafqfi5c37zni7xc4ymq
limak.i2p,jzoxeuuqt6wo55pvt4uh7o5i47oyadrvhyjli4hidqldhihu6lna
linuxfarm.i2p,br3njhezhzx7mcv25nrxkrwu5g553xp4oyavsjhfa7jwmzyp3q5q
littleatoms.i2p,ek65rlcst36qzwjqvo6prpv7bvch7sxlmfilumm6dwrortcivhvq
lkml.i2p,xnytorawa5vfykram2qnqks5zaef7s4ckvaayvq4ksih46mq3luq
lm.i2p,yeyar743vuwmm6fpgf3x6bzmj7fxb5uxhuoxx4ea76wqssdi4f3q
lm.vern.i2p,vernyxzw3aktrg3v5qpkj4eyiwc4iucdw3czwesop6f466joq6wa
lnxcloud.i2p,wryxsgqp3xl7fuohijmxlugrndtp2vixqlt2obpgriwt3fpdjn6q
lodikon.i2p,u3f67staiwhqxpacya3clmvurdwd2kp7qcthzhstqnhrmlwc2g4a
lolicat.i2p,2mvlbpgzlawdxqv3zlcgcje475kv35ow2itpztjpdqegbtjpvbda
longseason.i2p,ighnngssgd6p4kyrec6m556rasvbtx5xe7bsyxol4lie2dibi4da
lr.vern.i2p,vernchoyi4qjf6sz5vi57sskoelw5lsf53u62i5uvktzpa6sxv3a
lt.vern.i2p,vernf45n7mxwqnp5riaax7p67pwcl7wcefdcnqqvim7ckdx4264a
ltgc.i2p,3rniool2rdvhlhv6sipgc2khzdemd53b5bvhgzfd432eych7lg7a
lucas.i2p,hcb6j5indzeqfyerq4igx45xgruijbs433mh22ye4osoxkxhumwq
lx.vern.i2p,vernziqfqvweijfaacmwazohgpdo2bt2ib2jlupt2pwwu27bhgxq
madaidans-insecurities.i2p,4uggkxbumfoufekfu7scfx4vkqfoqslv4fsog7kgwjcat2yqzb2q
madeinchina.i2p,3cqqitwm7rozi5belawapiere633d7cdlilgjx2jwhqtcqnzmc3a
mail.i2p,mail4okikc3tknhn2tfyqzq7mxgzltqg2tw5v5frtzkcsm45zdra
mail.vern.i2p,vernczqka6xy7ounc2t72aqgctupgnha2qfr2r4qbf3ik2tcdmjq
major.acetone.i2p,majorivqe4wud5ksadgfycdkgqsesqbbnw4hpgcqfixy4sm77f4q
major.i2p,majorwsiehucyqfqbw3g2on3xqq2pwrwdd6hhyludqqr6ct7xdoa
mapwiki.i2p,p2lufcvbzq3smirs7ijwds3y34cxzchveogb4jflbpmk5pzy3wqa
masflam.i2p,ucvzbekxpbzfizwndx4bgsj5bjbygdu4vc3xukiseiw5bvatxivq
mathworld.i2p,cqu2vqkfkfkfk6spicgtrbf663dkayhzkrnn6ci62ab4w355t3jq
matrix.i2p,pbm6jogo2u2rflvzishwgqkxo6lkjsdfesd3r4k6sf4gdewc4lha
matrix.varikvalefor.i2p,hepmlzewubrnidlbgjhgd2aaghiewps262tghwspnwchjmjz2ura
max.headroom.i2p,qf4gfhjxrzkmjlcz24zy2itm6iohe3bbcij6trg62hdngeodcuna
mayvaneday.i2p,zli2qsg54w7y42vgw4xxlnj4nktcpg7xp33yjxkp33sjafvznbwa
maza.i2p,wiigkmy5je5ox4byjt7z7fh4btojbixbmfv4chnzqoovmgnvdpoa
mdleom.i2p,ggucqf2jmtfxcw7us5sts3x7u2qljseocfzlhzebfpihkyvhcqfa
mdn.i2p,u6i4kmhypgs4ccd4hae3rstcayvwl45wufeglwvcmha7jqqdtfna
medlineplus.i2p,dna2hvzzy3ujn3cp2oxighcrh7h4jlzsc4la7ekikaqs2p2h67uq
meeee.i2p,tvjsepue3qde6raljzz2unf7srwb2rs36eldabfeq4yvudmxr4nq
mempool.solin.thetia.i2p,ega2kbe6wp6q5nqnufha23hohlhcxeqo45spwyx2hehqojqwzhba
metacritic.i2p,n6tja4pkj7nrybakfqji6mvqshcvsufbzvwvp4iqrgspud3aodiq
metager.i2p,4zdcetlcp3tdg5h23gd3aeyzbvodepid7a6mb3w4qvxkdnm2by6q
metrics.i2p,z45ieamhex2ihqv7oowk5fz4qq47rbvxhhhbaaiinpajbhuevtpq
mhatta.i2p,o4rsxdeepfrnncsnjq675xogp5v5qkbfgbt6ooqeyfvlifobrjxq
minecraft.reloaded.i2p,qs5ihihltxhhfi6wesihgbvoaurqxgdpxgmwnmsk5d5beabtvmvq
minecraftlog.i2p,vu2v5xnfk4ivrcmjx4fvofzts7fj47jcq23zfpg6ajj6p3ytt3hq
mir.i2p,miri2ptc2ol5ws3qnebktm63jtvukcpwag3qxrjpeahegtibhpsq
mirror.vern.i2p,vernxqcyexg5qsmtel4fjs7f7o6uktrqwuhqc4dde4xf2l5v55aq
mk16de.bandura.i2p,rrllz7nkoeaydqzc5tqdexbfpkvensi26nqg3ly3cxrm5qt6m5sq
mojeek.i2p,zc347qqc4pvo7lf73rhuhthd3i3g2v5zgnsqdoklexx2bcau7rgq
moneroauth.i2p,kt6uh4z24tendrol5zbm4wv4apq4nbv4w7k5vcguvbpg3alrqyxa
moneroexplorer.i2p,je4vbduigce7pgjivvo26d4abn3u5mfsos5zemp3a75xzcv7nm4q
monerujo.i2p,puri6y5dtwh6zr4u77ep6ozatun6iz7v4wai2dzxppz7654corlq
mosfet.i2p,s5ynkgagndmpxpf2kmnenv4x72io664gzd2x3qef54ilammnte3q
motherjones.i2p,jfzxtbqixfcpefdvtvok35uhevh7dg6csj6h3tel3cik7d6raaba
mozdev.i2p,u6i4kmhypgs4ccd4hae3rstcayvwl45wufeglwvcmha7jqqdtfna
mtn.i2p-projekt.i2p,f52x5fp6uhq53f5zle5d6rq5un34xgmxgazvilvmzcby37xcmsfa
mtproxy.ilita.i2p,vxxfipsygx6jpz57pmb3d3mjgsk5ls2idxeo2bffs3yp62muyq7q
mtrx.vern.i2p,verndnomc4cnte4aw7yrfpse33vrw2nlwoxozxmf77zqquk6ea7q
muc.vern.i2p,verncclcdsfjlskybpwms4smkjhqj524njp7ypmmnus5xkyiv53q
mucatsreloaded.i2p,gh7ltjc3bwe4bvqsrgapvsi5uwnmiqflbgkde7532lhr5c55ga2q
mumble.acetone.i2p,plpu63ftpi5wdr42ew7thndoyaclrjqmcmngu2az4tahfqtfjoxa
mumble.vern.i2p,vernlt2ydc2xvpy2vbcmgxfycekwkofkciwmp7oz2y6psneanlqa
mynero.i2p,acruexirfkgcqhwxyu75v7dtahr3a44hmbfygngsvubmkrbd6axa
nahui.i2p,ik7fv53jiuyrnu7csmwsw2amnh744cwutg5j5x6bbwx765gnk4ha
nakedsecurity.i2p,hfwj3jjj6vqu2hqoq3hvtuavlspu7xl5hqiztg2vwkyqj5ays2aq
natsocchat.i2p,d6jtpfnm6ijvek4c3ayxzrewpz3rb223hunoa67377abzucikd5q
natter.i2p,l2aoqvwkq2prrv53cbk4k2ilxw5s2fc7eo2rjunnixp2hrv3iwda
nbtm.i2p,zbqncutifwok3i2msimlgsusivvhgvstyepjwl7idgermyfoveja
ncr-iran.i2p,cuupcrc4z25ivw54vq4c5wa6afxkvcviszfp6wxskz3a6sadp7cq
nekofiles.i2p,rutorktnoonk3t4sxmv6g5rj6mzsilfwxcplvfybemssjrva663q
nekomimi.i2p,nekomimi56xfqyg4nao5eybd5wvftxmzdflxtcyabq7udpz3y3hq
neodome.i2p,5hkhjehj3ct2pvcah7dcylwef2oti3xij5myxbv3pd7rocio5vkq
nerds.i2p,5wpwlbka4wj74rrnwbieopppgtivbqxljznl3bs542mxtvjz7ffq
nestchan.i2p,wzwlwxju3orzbuld7cjtia2z4fqp2vt7orjdzmsz3ynlqr3ewokq
netbsd.i2p,jjz5ajknu5rku4p6xb6i5xwjnp3nd6c3jwi2qnzbpaodyf7g2lja
nethack.idk.i2p,zcojbufszefu5bfht5cem3zlhfvv5y3jzpzbaccu3ehje4d7pb2a
newhumanist.i2p,rxu55pmke4zmmmuiek2kfoomtx36h5tggux66zdinabwwl7cl35a
newrepublic.i2p,pmjdbcyyfakr7gpc7xek5mo5cfckqjcntfs4jbhf2vtpbzuyir6q
news-i2pn.i2p,wwcqkwfo5yhe6uribv5tzylk25j5hkdk6gdnyftzd3k7dawlzwca
news.neodome.i2p,trhwcnygfkeqjj6g4xhmrdp4gsjqsye47lsxshbmwbten4ywt5oq
newscientist.i2p,iscnpw2krug2abhbhsba5lrl2fmcfmw3pt7zwajnbvimz2ahdeaq
newsnow.i2p,ee2w4j3tpn4t6gutk55tc4hajc65f63kc7m7dscalsma6wbmweia
newstatesman.i2p,gxesufhsf6vga2tyup3dr3viiwfsjvlak6lmd2hsmvcef4i3lj7a
newsweek.i2p,efnk6nvlnblgdpbue2gl7oczmcpzjzwjn7cer5caqzl7qosgqrpq
newsxml.idk.i2p,dn3tvalnjz432qkqsvpfdqrwpqkw3ye4n4i2uyfr4jexvo3sp5ka
newvoiceukraine.i2p,o5budb4kwmfvkdbkyobqbkfkogoxqwgyu77mz6zxo4elrezqnt7q
nexus.i2p,6uz2ihv4avlfhui5eyrisw7yx2t5mclxyl6blwjgw7zc5q4j3isa
nitter.qwik.i2p,tm4rwkeysv3zz3q5yacyr4rlmca2c4etkdobfvuqzt6vsfsu4weq
nitter.skank.i2p,l2aoqvwkq2prrv53cbk4k2ilxw5s2fc7eo2rjunnixp2hrv3iwda
nntp.txtcon.i2p,nntpsqgdoky2fuctc2hc6vuls2b4okxpkocic2eo66uup3dtaq7q
node.solin.i2p,solinxtxcc7a2qzs42tjj3zayaxjvisvskptuqcyikwi35kikota
node.solin.thetia.i2p,solinxtxcc7a2qzs42tjj3zayaxjvisvskptuqcyikwi35kikota
norml.i2p,rbnyo7zao6rkibzqr5uqy2iloismxzpqlgcolhvlsutoai5okdnq
notbob.i2p,nytzrhrjjfsutowojvxi7hphesskpqqr65wpistz6wa7cpajhp7a
nothingtodo.i2p,b4554yg6i4oi5huag3slwm5lrencjtooxt2rfscuca2rosgb6pkq
notochina.i2p,h3xsjhfyf4wah4sou3gepzibetdntrmiax3zl3x7ozyjv5krakaa
notty.i2p,pbm6jogo2u2rflvzishwgqkxo6lkjsdfesd3r4k6sf4gdewc4lha
novabbs.i2p,bicoankyijabtj2nlwzjmr4mamybr6bgc6xclpvsgzaaalzhhola
novayagazeta.i2p,3phcz33nlmw6743isr4w36u3u5v3romtbzdymhtluz6vpl47pafa
nowar72.i2p,dr54qh3nyf4r3y66tuhgq6scjkw2xcfw23yffidxf3ia3ohdeova
ns.i2p,a4rty3qdllj2ffwpjnnceieozjwxjkyl32j4godjfsdeioohyaga
nsa.i2p,nsetvbclpomqxfcit4mghn6z7vdhnza6jdzczby4crnto32uykga
nt.vern.i2p,vernzdedoxuflrrxc4vbatbkpjh4k22ecgiqgimdiif62onhagva
nullchan.i2p,nullz2mkp7znirlcersxpk7qmkmgcc6u3yhe462p2qkpxsdb3mja
nvspc.i2p,anlncoi2fzbsadbujidqmtji7hshfw3nrkqvbgdleepbxx3d5xra
obmen.i2p,vodkv54jaetjw7q2t2iethc4cbi4gjdrmw2ovfmr43mcybt7ekxa
obscuratus.i2p,i4j37hcmfssokfb6w3npup77v6v4awdxzxa65ranu34urjs4cota
oc.vern.i2p,vernnpcugwla7wyimbdmphdr3kxccis2dtco3qh2lgqwvt6ephsa
ol.i2p,bnb46culzbssz6aipcjkuytanflz6dtndyhmlaxn3pfiv6zqrohq
omitracker.i2p,a5ruhsktpdhfk5w46i6yf6oqovgdlyzty7ku6t5yrrpf4qedznjq
onionket.i2p,zeb5wwaq4tfb35ltzwqwnn3w5xnzj47kwoxxi4iwx5rf63e7qova
opal.i2p,li5kue3hfaqhhvaoxiw2ollhhkw765myhwcijgock5rs4erdqdaa
openbsd.i2p,ahwlj76krc5do77pibighi2frqmfccpezyiqfmiernvivwomgvuq
opendemocracy.i2p,dyf4zfvrfejqjlbdvo43gam7rncmg25kbudmv2n6er6bjjlw7htq
opentracker.dg2.i2p,w7tpbzncbcocrqtwwm3nezhnnsw4ozadvi2hmvzdhrqzfxfum7wa
opentracker.r4sas.i2p,punzipidirfqspstvzpj6gb4tkuykqp6quurj6e23bgxcxhdoe7q
opentracker.skank.i2p,by7luzwhx733fhc5ug2o75dcaunblq2ztlshzd7qvptaoa73nqua
orrentfreak.i2p,g2rgkzgsbwz6nguzaan6nxglcbtcngdldagdryji7ophllfvhuiq
outproxy.acetone.i2p,proxy4uwdijqxac2bvdx4fuhem6njmiwukuk2gelejv2nzxka2xq
outproxy.bandura.i2p,smaie7bxvpy53iiabfxkhmsjtqs7vzjcr5xxsysjbbobunwrav2q
outproxy.purokishi.i2p,nieasaidj7wy5nammqf4f7zzcdafi4apygwn5qwscpn4pq34hqia
ozone.i2p,lp524soayupwihz4imwfl3zppymcpqohl7kwmgjlxacf6s7rwf5a
p2p-node.i2p,e7uvwnpkzbn5zdwr76ujlhym4lk5pfkqhvfwivt3mszx7l4lpj7q
packages.i2p,2gbnylztt42dgpjh5r5tmy6oxm5xag6qv4femnbbqbpza4l2l6ja
pagwin.i2p,qggplwxvsvctsdzgld2shfyjlokfoxur3pkfapygs26i4hwawfga
password.i2p,knmjkeabbhudejkikbzhhjqsb4r77o45vkdhve6d254quttfx3wa
paste.idk.i2p,qvgktychvlbmqwnoqgz2siuna7f5w764wgkbqcwogipfjzf3ksva
paste.r4sas.i2p,csen43keji3qiw6uobsgzysxyjd225g6446ylq5uuz6ur2glkzaa
paxy.i2p,casdwiof4nimqxi7zn4b4vysb7wxvwsto2vn3do2kj2an3hoyo3a
pay.privex.i2p,cz25423yahhbd2wavtwupsbcbdg6wkn5vvh3466hbmmrzlu4wxyq
pb.vern.i2p,vernmeoccnhag24lturrfxjne2szacraslpbg3v4pmuv25gwb5oq
pehotin.i2p,e6tfct7qvso7qrseseubsk5hxn3wejkdivojqeed6i7hbj4dsmqa
pen.i2p,qsj2zclhmvicozyvnwsjneghuswvzogj2jzuswpt6rgjazlrigjq
penisology.i2p,dekov5ztoiohiogalecvoq3b2yg4y7vc3x3gdf5ydcklqsht2x3a
pharos.i2p,vathk2pyvaskeie63yyg4tshjkx5xt6zfvhwhgr3de67q46ob3sa
pharoz.i2p,vathk2pyvaskeie63yyg4tshjkx5xt6zfvhwhgr3de67q46ob3sa
phayul.i2p,pw73c5fp6tdcm6qzfnirmskg6xjlytdijbstunq7v7x7itszfdxa
philosopedia.i2p,fy23h262hi3l2asqjfbh3q3lhnalcnio336r5cjdnzawfwzdzx3q
photosarchive.bentasker.i2p,w4lnfcg2chbkwigogba7q3o5pgtq2baip7z3z4afaj65axhyc5ca
phreeroma.i2p,44fu2fhq6q36re2xqnkuievdfsroi5xchgbowkqib6ekak3ynm6q
pic.i2p,hate2nkdlcfbtaioejojqbnudjzb43uxjb2wpcmxpzmjgk4stwta
pipe.viniciorl.i2p,waslgepj4zi7vzxaion467djzkrqwdhujkfzoaoxletrkkhdpqra
piradio.i2p,m2tsjo2sxabwimkeffsy2mlvtyebnzs6qndm5zpuw6mpwlja2ewa
pizdabol.i2p,5vik2232yfwyltuwzq7ht2yocla46q76ioacin2bfofgy63hz6wa
planet.i2p,pztcztaklof7s4me2vgtdddzesnunvk55zke6oz5e77ci3qk64yq
planeta.i2p,mo4d3nbhdwz2sspoiunoaw7moiwiw7ttrdkyhhucnnzhse23lvqq
plato.i2p,xa63kqklf6jstqag5wc6ulerdj3oi7fwiqftgafvf2emwa4rmuoa
pocketlint.i2p,pocketzsq4r4fef2bw57sn4paufjh5dw75azu5sr4hk2qwdvucsa
podger.i2p,56pcmc4rxmtzs6ojvszpiqmh47et3m6amh7kfszp4wbvz2jbpnya
polistern.i2p,ztqi2zewgtifrg4efs6eyxxi5www27ymley3aiz4obhulbnszlva
pomoyka.i2p,omt56v4jxa4hurbwk44vqbbcwn3eavuynyc24c25cy7grucjh24q
pool.gostcoin.i2p,m4f4k3eeaj7otbc254ccj7d5hivguqgnohwelkibr4ddk43qhywa
pop.postman.i2p,i7vd76psp3oyocljiqkoyz7fpr4fy2xq2asclf7qih6k57aj5xrq
priv.i2p,m2t27aqw3ts4mb4vxgfhhgstqk4gzyb6ac5fdnezmsf2xbbtdiiq
privacy-handbuch.i2p,3cccw3cxxghkalgichofulid36ekwplv3stubvfot522mwxcnu5q
privatebin.i2p,e7qy5kc7ivqtnrbdn5ymx5nmbdedlrjkdchqmmkhud4ockrime5a
privex.i2p,omgulpderyhggjbaksgcccvjk76yvbp5rsnm4uos2mqfe5iv765q
programmer.i2p,cm62ucwrvbxzznqhjtwwkma22kzxbxsfcs5w33eo7r2aartu4cdq
programthink.i2p,programygfltn24q6foacm5gbuo3z2geub2k2k366llx3bph4ula
project-future.i2p,ivqynpfwxzl746gxf376lxqvgktql2lqshzwnwjk2twut6xq7xta
proof-of-loss.i2p,ofhehzoj5p4khpkookxb63tmqvrmcxaapgb3v3nm7kd5wjgebs4a
prophetgram.i2p,cufuwm75gjpt3svl4wjmo6r4zjv6eqyjdpiuqfckgb5aqqdbgyvq
psv.i2p,pmzcuml2oi2ok2h5i6cepcyxxjrughzgliai6hzspdlyt2bucy7a
psy.i2p,s3elzoj3wo6v6wqu5ehd56vevpz2vrhhjc5m6mxoazicrl43y62q
psychonaut.i2p,laf5nvzn4wz7ndgtdysmhvebpyjo3fkth7i4z4c2kp7su3wi6e2a
pthc.i2p,sz7pz6nilondj4ubnuo4v2ffqayoxhu7tdlj2gjxzg4rvqekrdfa
pubsub.i2p,kse52thhz4srsf2ibw7zj6ua27df5a2u5gnqgf5jxwvranbw6mpa
purokishi.i2p,ia55kcrvskaitnxegirubvderl4vhva6bwkiducbkma4scy2rhca
purplechan.i2p,tyiwxpgs7syjvz3cha3uckaxgondtiktlsvriebyy4qmzgbaj3gq
putin.i2p,db7wujc7nh45omtzrsnu3lb3qheevpcoyzu2cvvedermj7bnalca
pvsur.i2p,pvsurxi2hz2n45kfrj5b3ny6ko4ipj2u2piftjen44npkpnbwh6q
qam.qwik.i2p,4mk7jpqmvxxubp7elapuoawccnvymayhfjsot3pubcjjlf4o5efq
qbittorrent-ty7-rcx.i2p,zxczl6qszlpcntgmmu7he3i55ujrpe2zkjqw4jzuuy5datxgwnzq
qr.vern.i2p,vernnflenvsqccuanaun7yydnmturi4jkyxlyzhn6ultpje66c3q
qubes.i2p,ky4ltwjczjdywjiaq5elqw3um7bpwfgijjicjai3flup7er6asfa
quicillith.i2p,mn7tacfcuy5zoetg6p6eklpfawar7rdj6b543y2efh6xasiat6la
qwik.i2p,yblgkllzgodhwvs2fm46y5c4623honpyswwnyja2evikn26nlkma
r4sas.i2p,2gafixvoztrndawkmhfxamci5lgd3urwnilxqmlo6ittu552cndq
raccoondad.i2p,utoagugf3imr6mpjsithhnpvvvyehsnebisovn6kqn4vma6va3ca
radio.arav.i2p,plkybcgxt4cdanot75cy3pbnqlbqcsrib2fmrpsnug4bqphqvfda
radio.idk.i2p,gqla6svl56uazumw2a56rzmvfmcr6fb57bm5kpbb6oibqi6o66gq
radio.nerds.i2p,tpbfxyluryodtfxdpwsfvw7fl35p5ezrjk3tlcv2atlmc4fl2ctq
radio.r4sas.i2p,cv72xsje5ihg6e24atitmhyk2cbml6eggi6b6fjfh2vgw62gdpla
radioliberty.i2p,libertyx5gywnmn4snrr2fborvugmthl2x5vf3rh43v3744kmpwa
radioplayer.i2p,5tmr7qghx5eecoyvi77rsy7fqxeoyqcdpvg5wasoitn6ywkyobbq
raklet.i2p,j3vnnihngp3ti2trktoxlyblltjn6gxscbmasb5zun5pdndkxkoq
ramble.i2p,smv3cryi3n7d5ll7xpvlhstubi5yj4dadeltyrdwdr4onwd2jvvq
ransack.i2p,mqamk4cfykdvhw5kjez2gnvse56gmnqxn7vkvvbuor4k4j2lbbnq
rc.vern.i2p,vernzzwbnjy6ro2zg5rxgo7eylkcyi6zuf4hhvsdbwvvxa3grsxq
realsite.i2p,ffacpzudiclaqh6fkck7ungeacfoafvijduhmwvnmp6e4jridhta
rebel.i2p,nch2arl45crkyk6bklyk2hrdwjf5nztyxdtoshy6llhwqgxho5jq
recipebook.bentasker.i2p,ajagzagm5uyc2oac32ycx42znnatejliqorbk3y66xt25guxnh2q
reg.i2p,shx5vqsw7usdaunyzr2qmes2fq37oumybpudrd4jjj4e4vk4uusa
reloaded.i2p,wxbh2yq5twqinsw3ztjogqovvdd6h6j5uxeg3lh53x4w7klzv3tq
repo.i2pd.i2p,ymzx5zgt6qzdg6nhxnecdgbqjd34ery6mpqolnbyo5kcwxadnodq
repo.r4sas.i2p,ymzx5zgt6qzdg6nhxnecdgbqjd34ery6mpqolnbyo5kcwxadnodq
reveluv.i2p,ndyg4lk44svzdih3qaxzbj4lpahhuezwn2ospj5gez6hdor2uluq
rg.vern.i2p,vernu3bfx2rvpuaccs5q27yncv6srdijkan6ixbkvyc2lsbrslxq
ricycal.i2p,tfkz7rgqh6rwvlo2veftw4why2dej3gztiglzfqfvykyzak2syxa
riot.vern.i2p,vernltmkmwexhk77dlxmqlet3djveje7gcq7lwy3l5gkemxysy5q
rollingstone.i2p,y5edab4637s2zmqhxr2o7v4oc4p3pwg3vtkpwmqsutjiuunvfs5q
rslight.i2p,bitag46q3465nylvzuikfwjcj7ewi4gjkjtvuxhn73f6vsxffyiq
rss.vern.i2p,vern5vicrpk2n4knr3c2qfyu5g4cjiwiulqa4txrriske7vyv3ta
ru.mapwiki.i2p,3if4hsqvgyfrymkmemncddjzgny75c33cpypcctsosdiehf3peqq
rufurus.i2p,7msryymfdta3ssyz34qur6gi4jyfkvca5iyfmnceviipwu7g2wca
rus.azathabar.i2p,6gp6ykan6ovr7p6dln56msvmdk6nrtvzoypz5dbhkkt4bdnryjna
rusirc.ilita.i2p,mjsudehdlutbd3ze3lnj5qh3pfuxqx7msbydxt3nrmupgz5tfaoa
russia.i2p,yycwiaemebdnhbw4slrxxscgmaoaxeqsxpxt3wgukhtl2ood66qq
rutor.i2p,rutorktnoonk3t4sxmv6g5rj6mzsilfwxcplvfybemssjrva663q
rutracker.i2p,ujyqbawolalwvdpy33v2wjuaspnu4ym3fsl3fd6mldjblzzqlvlq
ryona.i2p,mzt45ux3budteuxz2b4xkwnphgspgljuwp3rxm3d2yr2sij6wopq
s-config.i2p,atlkfvuwwpgvnw24dkwyyxf5psrueozxb3i6zgebymjuquuquvqq
s01.nullchan.i2p,mirrooeo34iokdgf3wno4ubx6x6uj7f2pqyjmmrvtg4m4parvguq
salama.i2p,4uoef63gv2sg6dtqmom5oypt6taypklekvlejfox56eiylprzrmq
samainu.i2p,zlwgylqmlx6wxwnxf3mx64jl6yp6wv4sjeiidqw7k3n2wh2m46pa
satoshivision.i2p,rn5c533w5baghskquu3gtqlehwjkstzzbk5chbc5qhivsz3a3nqq
sauerkraut.i2p,nx2mxffv2kzkxondfwjtbs6kucgpdlldqobnixdi7nfmyekiyg7q
savetibet.i2p,wmzruecftspzhnlzkkpofyq5ajsrss6tmcloijkzkmh2bijjqjaq
saveuighur.i2p,2lterjbhmdzvojvdkmjp5wfuhvle7smzvnlnjlep3xi72viy2mpq
sc.vern.i2p,vern3whzyfmjclq6snhlupma6nrmojghwp37tydfgqotj7sc6izq
scamdemia.i2p,fdkiv7o4kzaikwkw6hbn7iedidp25lv6eo7yeyeqxai3jz7mrvzq
scanner.linuxfarm.i2p,kojzsg33v2zxwqp3twpqzfvflaeoxgzxrl3douf2x7xv27ggfnaa
schneieronsecurity.i2p,wkm77nck2v2ajols6t47ktivdqp7tiv6yignlv555eo47ctnli6a
sciencedaily.i2p,hxvbh56wdcyu766aueocw4hkzi3ptvrutc7bkxohcfthd2ufzd5a
securityinabox.i2p,np3agu3ekd3isrzqzvsw4llwlr3hg5xbw7n7a23n2zfvhhm4e7iq
serien.i2p,3z5k3anbbk32thinvwcy4g5al7dmb75fagcm3zgh4rzrt3maphda
seven.i2p,anqf44jmf7kby2qcvcx7gug6nuyansdu4msdbnp5kojom27rrm7a
sh.vern.i2p,vernxrhodyp3ayvrx4aeqqzojfsyk33oqujdnrbyd2y6l44elolq
shadowforums.i2p,dq65yxqpp6gcyo53y53eqouijhy7ameqxkcjthkr7wpfusqppxma
shadowwiki.i2p,63gxkfc4hlcbxrdoepw2i2hyxai5qkxmi636ag3y7sf5tq3imoya
sharefile.i2p,o7jgnp7bubzdn7mxfqmghn3lzsjtpgkbnpjjsn6ddevqbchz3rta
shoieq3.i2p,3fjk4nfk3mccch4hdreghnyijcvovsi3yucjz3qzj5sxngqk5j6q
shota.i2p,75xxnc5hkeg7a3z5re4cpybbxt7te3p2krgrrgoka4hib2nr7k4q
silkr0adrel0aded.i2p,rdqt2xxpsc5tzj7gjvcrpi7jea5gtbetgx7w2npobveg5teatdvq
silkroadreloaded.i2p,hyn3mwmyeovcn2paujxur2eury2ufqpoahvbbqshfoggljn25tra
simplified.i2p,dyioidlefvih6fqtslsjtfxuqrkdpy2u7sxunyx52mjbt6pbhkga
simplytranslate.i2p,mmiyv57bfhgc7p4pipk7jjqv5meuz5rjijoviquplvhxl3v7aoba
skank.i2p,qiii4iqrj3fwv4ucaji2oykcvsob75jviycv3ghw7dhzxg2kq53q
slashdot.i2p,7bkq3jzbvqirehxfo3gejnkfnktnhmxdxyuunauur5ucu5sn3xtq
slashgear.i2p,h3abq23rapeim2uobyy2c7mg7jspdaqroejrg4pkdtsnh2oycpna
smtp.postman.i2p,3nrunsrgeo6grhx6y6vsx7vibm5vabtockdbys3sqdmj6vha7k5q
snapwonders.i2p,6ymp5jqysizmejdwaqiehcsgjoyb4s7sbgssquishk66drujomka
snippets.bentasker.i2p,vgduvgxudaceslvwlvtda6b4csobvczygcqpklm3yeuke2zgvcaa
solin.thetia.i2p,im4gplbgfknhgjxsgpuioogh2fachanltqryxsbxvaaibwmxrofq
sosa.i2p,o2xtceu2k26cpjcg6diffqidtcpxphpbz6yen2merqkqwyive3za
soylentnews.i2p,fip3i436jncp2vmpug5n6n3aceduh5zkhonxhe5pwvqd377oyana
speed-test.i2p,7lk5mgyi2knhqjjwjeiiuwlrn2rs2s577e7jh7z5rmbe2s6qkjpq
spoika.i2p,u7uyxhgikc5ifj73oz6yedpy5pvtynbqo3n7rk5qyy5h5yhz4wbq
sportloto.i2p,sportloto4cqlq6uhzzvgsgd7rcsfu6mqtk7wp6zmzqwcpflbsdq
srr.i2p,t6vdyn5sbtorn3bp6i7ndnv4lmxhk4qnqmyqlaxykdhcwatchlza
ssh.b0nk.i2p,fsxdci6r4c52q4ftvdmddxwc45b73h3s2liyg6th3h7hzhjk4q5a
st.vern.i2p,verntblehhel4dx6ntyxkj4mryvic3s3yptzxewzwnldq3esi4qq
stackoverflow.i2p,jswqxcghynwlgihwbugz53nl2wswcimeibqhktwdd2htb6xhyklq
stackwallet.i2p,iznb6nejvt4cxbs6k7a3p2kgmctparxlbn6ewwml23iqq2gob5ba
starlight.i2p,zi5x7zzvaiuaeo7lqlg5nxitk742vv3nchehss3ywg62qa6avecq
stats.i2p,kqypgjpjwrphnzebod5ev3ts2vtii6e5tntrg4rnfijqc7rypldq
status.str4d.i2p,ycyyjo3psqbo45nuz243xvgvwnmzlanzqbzxv3kh6gyjztv7425q
status.thetia.i2p,yiffxd7qcqo535wz5zo26whdaifbkshijs2p4jmgwup74vjj4fvq
stillgrinding.i2p,sqfvbbhlw4eero6rgj6oo3k56lxtvgkcq7tfohivwlqlbkhkmtba
stormycloud.i2p,46f3kyl2cwd5tdalegvkaqjfnwbitzn5d2lq4o5kp6keoujdhlvq
str4d.i2p,wrrwzdgsppwl2g2bdohhajz3dh45ui6u3y7yuop5ivvfzxtwnipa
streams.darkrealm.i2p,ud3gcmvysjch4lbjr2khmhqpf7r2x5if4q43xkqdptl4k7lc4muq
supchina.i2p,47o3b4pe5gxyd25tlhtfbxbiu7pujtoih4t5u3raagvnyxzeqt2a
support.i2p,supportpwqa4cc7q43hb67tgd3dvntrwsy6725iufahm7kiluysq
support.torproject.i2p,6r7j6jlbrxb35k32zktopvr3w3pidm2baymwol33hq7xmy2sqm3a
sur.i2p,ckhf6dhvw64tpn4m4ktysmqqqgrkcsimc7ilcleoowsldfdudqfa
suragu.i2p,46egvt2hpvkqwm5xw4wyyozp6hkwvnmbcys7bi6rh4o4wktllpea
syndie-project.i2p,xa63tpfoaqt3zru2ehxjjfbpadwj4ha6qsdvtcqtyr3b7hmt4iaq
syndie.echelon.i2p,vwrl2qmcif722fdkn3ldxcgz76df5cq4qypbndzthxwgmykyewta
sysrq.i2p,2utfaqw6lm6vax7xwhyj53u3uzmtdvmhvoc6druy5e3ue2by4ayq
t-ru.i2p,bkhuehxydyprxpd4372h4boyluardjogyuff5p5l3u7syguavz5a
tahoeserve.i2p,yhs7tsjeznxdenmdho5gjmk755wtredfzipb5t272oi5otipfkoa
tails.i2p,5d7sl23h4uer4czjdtlomkb6ykeiss6vqkxzausp6f6gmty2plaa
taipeitimes.i2p,dw77dxrzhfwbp7ktkeutjcc2dfygg55smqvyo5a4efkml4jekw3q
takipsizad.i2p,ufkhvmacngokfufxinfkdvfmbpvwvog5vrjiavw5zv32jnekcxia
talk.community.i2p,talkakxfa6ihzn2mbzar6q5chdtkpnjp633w3tarul2bb6tfmoua
taxi.i2p,taxi2pxjy7hnm3tdoa67ub5xancixo7vncdx3y5mnxxxfoyunlla
td.vern.i2p,verncco2oaxjikammz4pi7umzp673cme6zuemx7yeeewspwrw3va
techmeme.i2p,pvwyqrf4pbxbsigcxpubvywvng52hjxzc5mook3pel2c4rv64mpa
techxplore.i2p,cywzf65ws6k6nd6rr5dwmbuwg7bcf6wx3ukub62g2nhannsjoskq
teddit.i2p,k62ptris7p72aborr4zoanee7xai6wguucveptwgxs5vbgt7qzpq
telegram.i2p,i6jow7hymogz2s42xq62gqgej2zdm4xtnmpc6vjcwktdxpdoupja
term99.linuxfarm.i2p,dg3mso5klqqgcngalxdh5yvkwv56ou7yotsqxw3twneojytiehra
tesla.i2p,em2x6bwsbelqfvlgypcywwoov2rib7mvxiy775dmpfs76m4zcdtq
testmk16de.bandura.i2p,gbdgvcv6wkwctls3tdx4ljmzo4zry3awrr37rkvrxcwg7jzjoyra
testshark.i2p,u64ropzplqkncdmi4wcknqehjqudxb6elyut2k44ocvgx7ilpgia
textboard.i2p,7ubwrcixdcemzqwqzh2vaakjsnochj2biuzpo6dc2n4f7wqj4pua
theatlantic.i2p,53it264vtb6uiz6i7zimbrlohavtypihwc6nqbdymvknn4u4lurq
theconversation.i2p,xuld7i6nwl3k4lo3gvzbv5f64ekhswtzpik5r2xbahcnrnehp4ca
theguardian.i2p,o4omprj72qf27nu6glfh7qhknysldjmmgmer7hzuvs7rr4otm6cq
thehackernews.i2p,qpu2tdtxo4lt6t6aiuf5jtzemrcbknwfmcmazstvs6gsoygfogca
theloliguide.i2p,qzyogy3d7v6ccs5s3mm3rv5hzuaus7qsfwe6ojnmtsistnvskj7q
themarkup.i2p,rdsar4jopzwrvhnrz6uzib4mx37zx26ympxrb3bfa2xsavwz5d2q
themoscowtimes.i2p,xilbqdxdmsrjlyotafbwqzp3q66vysdno2f7uzwaznnmurinz5xq
thetia.i2p,ejzpzupf4mns65aoricgjpb4et4witewfj3h2titx4zco6io3o3q
thetibetpost.i2p,cgdlwed67zrlmq2er7v4hmr5wa53htzgfgmkcyderz526sdb6wjq
theweek.i2p,v6a7dbar4yrgwdyslaxu6hhr2wfx2l652jphwk4dgly2jioozwtq
theyosh.i2p,5m7ygxhcdyfa3kx3wfjbbunk4pjey7a5zr5lnfb3upgjbhanrita
thornworld.i2p,vinz4ygmodxarocntyjlfwk2wjpvzndlf4hxss2w2t3fk52oplva
threatpost.i2p,kokflo7ovzxujqinafmxibhk6ytvlmxmuvha3doaqhjkgt3fpe3a
tibet.i2p,cjzcrcykfztxwhseuzcjpwsqgbfrucz475kswcfsspuoqimdofvq
tibettimes.i2p,2f544ceydfgk5i6bfi3kql56pojmt63m24u4po4avpxxye74d4pq
tinypng.i2p,ri72pybxxb4mm6rbesplhn4ijk5ooyv7gv7ogh3spulwzr2par5q
tl.vern.i2p,verna7avzgd4qqal7k2onjzwxcceqby2gwvya2a2frdswb7z2k4q
tmpsend.i2p,r2al7m32cg2ypjcny627wkoiyanrasmorub2wqla3y6gn6rwzzvq
todo.vern.i2p,verniioll6ezxh2ns3l2hbt76zlklmwqguomnjgg37olnmbhgodq
tolstoevsky.i2p,7gxz7bf5n7bsjkh63lc3cvzd2u7hkdxw7f7x2ttdjz7avcwlauia
tomasgl.i2p,tyiu7xok7hvzymxtgg62rjz7mvzr3bryq4i7ii7gudncogn2lpfa
torch.i2p,vdpmmcq4ysca5rdczr5lqohjtaf5togdy5itoos54s6nn6xqox3a
torproject.i2p,torprojaxvxevo4c5qvor3ywgasxkubs5ukazrpq3qcxed6lgbrq
torque.i2p,hc3mefp6cq2btwmmjl76atgtftzswu774dyv4a3qkl34wn4g6vta
torrentfreak.i2p,g2rgkzgsbwz6nguzaan6nxglcbtcngdldagdryji7ophllfvhuiq
tracker2.postman.i2p,6a4kxkg5wp33p25qqhgwl6sj4yh4xuf5b3p3qldwgclebchm3eea
traditio.i2p,wkpjjloylf6jopu2itgpktr45t2xvpjijxilxd5tq4i7wkqgwhhq
translate.i2p,2db77uyqbrsnikwdthtoyrhai53oqw3x4gmakefu33zshm35pzpa
translate.idk.i2p,g2l2zr4moqsk2bec346i5tfd2o22cozm5b2k4ifdhbcayazoz2ea
tube.i2p,vipzc556nzjraiqsk5xwvyhz54fvtqt3vrepdarat3zsj4a6eypq
tutorials.i2p,zy37tq6ynucp3ufoyeegswqjaeofmj57cpm5ecd7nbanh2h6f2ja
tv.i2p,znccrkhtgz4wqceyofwsqdsraqhdtteqzrag53lgmp6rhkutuy6q
uckduckgo.i2p,gqt2klvr6r2hpdfxzt4bn2awwehsnc7l5w22fj3enbauxkhnzcoq
udonya.i2p,xx6ojsbjzosszqzdxfuopkib6aslzjd6jhcde36qvvm7hzqbddyq
uhrp.i2p,ntezp4uycujsbs2cdpwwj2f7jfkysw5ucu25llb4c47aafeudgtq
ukrinform.i2p,wzxf3baq2snr7a4xvtqdrsc46tgbowaqk7lcqxhq3ygn2uid6xgq
umbra.i2p,xunb4chkeo5xxpfkwrkaqb5etmqpp4ddgvcmy7qkvtxhk5ihck2q
uncensored.i2p,b3eoqeyanwo4q65rx35icigxkx7bdrr3lfm4dkebb56smnn735qa
upload.arav.i2p,a5txjx3gjrnw6do4zr66wpwlayxt3dg7kb43wbr3fjp53mkfkbdq
upstreamjournal.i2p,eukixnozduj2bhgioyhsrd45yotxzmfdjoojqoygxidx4gkc7seq
urbandictionary.i2p,qpaj4limo5zro64k75k3tsckt7a7rr3tvjorwczmu4ug2yd5kh7q
urof.i2p,oztmbptelqcuj5ic5ogh7yccdokaordeocthrn56r6v3cqtksaba
vanity-eth.i2p,6djvwwd3mtozyqhpuyvcwqkje5fk3rbxqbgqgdlr32b6hvdqeq5a
varikvalefor.i2p,yn7ovvjf4nhf7hhk6qqph7utcoce4f2j325rfeuyapw3emlqfqna
vern.i2p,verncceu2kgz54wi7r5jatgmx2mqtsh3knxhiy4m5shescuqtqfa
viniciorl.i2p,h24ivgpff7i26dvbfs4chtj66t5oewvzbiwnby6mckp2lv2jc7dq
volatile.i2p,q6rve733tvhgyys57jfw4fymqf3xsnza6dqailcdjcq7w4fa5m3a
vps.webhosting.i2p,kfqflh2y36jzp26vloaptqpgwtvw4qtz232wv53xxbggkydhpkaq
vuldb.i2p,lalzfapi6muoqs33mlcfx3vj4wlxn2yer45utfdbd4sbsfi6dbaa
w3schools.i2p,kmf6zikzfttexa3pxeumdqt73gmzb5ybkpk4hxstuzpbup22yqna
walker.i2p,5vik2232yfwyltuwzq7ht2yocla46q76ioacin2bfofgy63hz6wa
washingtoninstitute.i2p,muwfmgnlgahcmuxewaycbftxlsvqak6jjve33krbmg7hlxi75coa
web.telegram.i2p,re6cgwg2yrkgaixlqvt5ufajbb3w42fsldlq7k5brpvnd5gp6x5a
webhosting.i2p,hxqjbkpn5fxnmurlab6oluyqf3dd2xnxszeawn4ak2s4rpjnfheq
webirc.coldhell.i2p,k2d6bius63w3g35j32dn66fssqwbnyvegx6w6pl5mdeojpp4rjba
weko.i2p,weko5axss5qx7ttvxed4zv2644jjjmrwxe6ovpgw42uus3m7zuaq
weskaap.i2p,z7wqhl4uvb3gjcpmnicrunx3ayrryudhcffqpb5webnulmbhhoza
whonix.i2p,rabhsi3gmsr36rvisobdmm6jmkq6g7ampsofqyzyh72xq62xx46q
whoogle.vern.i2p,verneks7rfjptpz5fpii7n7nrxilsidi2qxepeuuf66c3tsf4nhq
wiki.i2p-projekt.i2p,b2rpg7xtzwwfvtorfkrc3m7h222qbobnklra7g4oqhfjx64k2voa
wiki.ilita.i2p,r233yskmowqe4od4he4b37wydr5fqzvj3z77v5fdei2etp2kg34a
wiki.vern.i2p,vernknid6kpyzaghegtnypzxe2nx643zrfc4jivh2tlna5m5jvcq
wikiless.i2p,x33lx4h6d7h6xs4eiqwhvaxn3ea5gn2ifmu3jobnvuvn4k4aej7a
wikimirror.i2p,2bhh73qhuwjkznnnzjfgo4buo7xy5l4ubhzt3oh23adksscx6gmq
wired.i2p,6ezm53j3so5rywhhaxup7bw2oryy3qp5nyeb5qc6k3duluiddxqq
wizardryandsteamworks.i2p,ioujrf2uwqairs7l3vyvqp7n2pia3x3wg5w5qtcqvg32zezuezza
wl.vern.i2p,vernesciy2defjsputrjrv6pa5ll6qzrckfffi5lgkumstdojyga
wlm.i2p,nigg3rveztrkpzoimq4z46pvbtml27mfhadt7n5bvl3pzzyzefxa
wopen.i2p,xvedtnzz3kpwpir23zyr3exrhkrn3267harw7gcjvp25yceyokza
wordnik.i2p,rasz7w6phk4z5ydwlsdmqkfn5ixnmtyy7vhdpesklp3eln4xnywa
worldatlas.i2p,mmiqsq42thxzdoubnbjwgbyb7ejtncvlrmdgcvvxn6cbh6hrkxqq
wsb.i2p,i2nmsylnlhc566dty3s5ehglb54n7ozjkg52bmll4ryx4eoq4w5a
www.imule.i2p,657xcllunctawyjtar5kgh3wpt6z4l7ba6mmam5rf7hev5w2lsvq
www.infoserver.i2p,fq7xhxkdcauhwn4loufcadiiy24zbei25elnup33a3gfrdzrtlyq
xadmpp.i2p,jb67tnpn67i3pwcuf45rtwu7gq6nkrs72iznhnakpkdzb6dkgfmq
xd.i2p,jynrjzdp5qajf2jsdif6bgpijuk72zmuiohq3o7omeksw4pdgejq
xeha.i2p,oartgetziabrdemxctowp7bbeggc7ktmj7tr4qgk5y5jcz4prbtq
xinku.i2p,xlsmgjin444ccqu7ff5taoov7hecasdyg53keatpbr2qrvgmzvuq
xmpp.ilita.i2p,2dpg43zlfophx5jo4xeqc6cx3zm4x3tfdoinbfuzychf5lwn3dhq
xmpp.meeee.i2p,zcz6wmp3ckw5vdahjedm45phvtq7c5sycjrwd6q4mng4ja6krwbq
xmpp.pubsub.i2p,yxbp3sn2x5t6k7hcxsg4njmaxjomr2wvh4xeldxjlij3ms3sikgq
xmpp.reloaded.i2p,hioylmlm3lf3qgp2ncmym3igx6eyytlwioeq2fip4cwpzjtyxfuq
xmpp.vern.i2p,vernd6f2dxbwfwp4fbkrdz75k2h2wyudmvwrqkrgkawjjrm72z3a
xmpp2.reloaded.i2p,ufeplugqot5e22kottvejlw7yq24kynw5v5faulehc6n2zs62ura
xmr-directory.i2p,vmbmsyhql7dgrx5z6lwru4zis74cd3etzdxjvipdrwse2h7lhlbq
xmradio.i2p,olwxvhwaq422rcrlmvh6wgrdczyfyeag645du4cwncutqblkfmaq
xmrnode.i2p,moneroti7lckp4hjrqckoq5cfi2apuyxia42sp5x7tkbzjfwqfiq
xmrradio.i2p,olwxvhwaq422rcrlmvh6wgrdczyfyeag645du4cwncutqblkfmaq
xn--80ahmijpip2p.i2p,assist2a3jsikp7ufmzpa56mlflhi5kmoack5dm6ua5x2hbgckua
xn--80atndcgadjdf7duc9a.i2p,dn46ftj3cha4q7g2rreokiflxb4xksevp53hiwctfyztmcsb3d5q
xn--m1ai.i2p,a4rty3qdllj2ffwpjnnceieozjwxjkyl32j4godjfsdeioohyaga
xsden.i2p,4dofwhzlkz3k3sedwzs2sx2fudq3jfvaygffc6kp6hsawmfmz6qa
xx.i2p,a7hrmb4kbftyk4ovr2la6azi7vjfqwt2zlckos4svoaclqu52j6a
xxxxpro.i2p,4umhjpavy6wg7ak5gq7bkf3lq2jhwuuhi3jchcbf4rdfmgqjjpca
yacy.idk.i2p,7ccyylqqxnyexz2acn3nqjdlwqmd5pororbovrarar2dkw3ddrbq
yellowonion.i2p,7l4kgsyatdmntck22i27oui3llftjim33ydav7kdew6ewfqvjzfa
yggdrasil.acetone.i2p,tlfhgwzn4v5nlm2or5uy4leqmjbl5bncgcopbqnmcr4hbk3zrvqq
yggdrasil.i2p,7hhvvtephitji3ibz4vhbapj4rikoppd5324yttp6k35gkqgri3q
yggnet.i2p,deyg5puthy6tc44j56ee2zxv3wu36vlmgxjyz2zoc63w66l5ksua
yourdomain.i2p,witqoik7gjzywta5nss5m6dvialeciismabksrukcvpfdpe6aqha
yt2mp3.i2p,7ai77u54gxta2ry326amfq4ugiqgcxd4r663nmxtswcwezyxsbzq
zdnet.i2p,3pq6r4ws4axybqbcr6vkqx7g5bxkc4twsjr6glsoii57nnutr2gq
zerobin.i2p,3564erslxzaoucqasxsjerk4jz2xril7j2cbzd4p7flpb4ut67hq
zeronet.i2p,fe6pk5sibhkr64veqxkfochdfptehyxrrbs3edwjs5ckjbjn4bna
znc.str4d.i2p,ufkajv3stxpxlwgwwb2ae6oixdjircnbwog77qxpxv7nt67rpcxq
zx.i2p,4ru5b25ixgz2wt2aqskbr2iflv42gt6ta6qet7rv4et5rh2kq6fq
zzz.i2p,lhbd7ojcaiofbfku7ixh47qj537g572zmhdc4oilvugzxdpdghua
